﻿{"cameraMode":{"drawMode":0,"name":"Shaded","section":"Shading Mode"},"sceneLighting":true,"audioPlay":false,"sceneViewState":{"showFog":true,"showMaterialUpdate":false,"showSkybox":true,"showFlares":true,"showImageEffects":true,"showParticleSystems":true},"in2DMode":false,"pivot":{"x":-0.2986144423484802,"y":2.4019999504089357,"z":1.1193326711654664},"rotation":{"x":0.13375011086463929,"y":-0.02777368389070034,"z":0.0040274132043123249,"w":0.9906225204467773},"size":6.8287811279296879,"orthographic":true}