﻿{"cameraMode":{"drawMode":0,"name":"Shaded","section":"Shading Mode"},"sceneLighting":true,"audioPlay":false,"sceneViewState":{"showFog":true,"showMaterialUpdate":false,"showSkybox":true,"showFlares":true,"showImageEffects":true,"showParticleSystems":true},"in2DMode":false,"pivot":{"x":-2.8399999141693117,"y":2.559999942779541,"z":-1.3899999856948853},"rotation":{"x":0.13375011086463929,"y":-0.02777368389070034,"z":0.0040274132043123249,"w":0.9906225204467773},"size":35.810997009277347,"orthographic":true}